N,dTE,t_min,t_max,T_min,T_max,gamma,SNR,n_per_sample,bbp,s1_over_s0,s2_over_s0,s3_over_s0,s4_over_s0,picard_2c,picardraw_2c,energy_2c,picard_3c,picardraw_3c,energy_3c
8,40.0,40.0,320.0,10.0,100.0,10.0,30,2,1.75,0.15722164600353622,0.027950485343485126,0.0047711768032718555,0.0007081379221029868,2,2,2,3,3,2
8,40.0,40.0,320.0,10.0,100.0,10.0,100,3,2.31,0.15722164600353622,0.027950485343485126,0.0047711768032718555,0.0007081379221029868,2,2,3,5,5,3
8,40.0,40.0,320.0,10.0,100.0,10.0,300,4,2.82,0.15722164600353622,0.027950485343485126,0.0047711768032718555,0.0007081379221029868,3,2,3,6,6,4
8,40.0,40.0,320.0,10.0,100.0,10.0,1000,4,3.38,0.15722164600353622,0.027950485343485126,0.0047711768032718555,0.0007081379221029868,4,4,4,6,6,4
8,40.0,40.0,320.0,10.0,1000.0,100.0,30,3,3.5,0.1995767580146151,0.043151913033649715,0.008422563599451607,0.0014063433390120478,3,2,2,3,2,2
8,40.0,40.0,320.0,10.0,1000.0,100.0,100,3,4.62,0.1995767580146151,0.043151913033649715,0.008422563599451607,0.0014063433390120478,3,3,3,3,3,3
8,40.0,40.0,320.0,10.0,1000.0,100.0,300,4,5.65,0.1995767580146151,0.043151913033649715,0.008422563599451607,0.0014063433390120478,4,4,4,3,4,4
8,40.0,40.0,320.0,10.0,1000.0,100.0,1000,5,6.77,0.1995767580146151,0.043151913033649715,0.008422563599451607,0.0014063433390120478,5,5,4,4,4,5
8,40.0,40.0,320.0,5.0,2000.0,400.0,30,3,4.55,0.1837274072169841,0.03924812168726246,0.00767218554304514,0.0012901588838082083,3,3,2,3,2,2
8,40.0,40.0,320.0,5.0,2000.0,400.0,100,3,6.01,0.1837274072169841,0.03924812168726246,0.00767218554304514,0.0012901588838082083,3,4,3,3,3,3
8,40.0,40.0,320.0,5.0,2000.0,400.0,300,4,7.35,0.1837274072169841,0.03924812168726246,0.00767218554304514,0.0012901588838082083,4,4,4,4,4,4
8,40.0,40.0,320.0,5.0,2000.0,400.0,1000,5,8.81,0.1837274072169841,0.03924812168726246,0.00767218554304514,0.0012901588838082083,5,5,4,4,4,4
8,40.0,40.0,320.0,1.0,10000.0,10000.0,30,2,6.99,0.15213961943798893,0.03180376841633586,0.006192986049324804,0.001042446086027418,3,3,2,3,3,2
8,40.0,40.0,320.0,1.0,10000.0,10000.0,100,3,9.24,0.15213961943798893,0.03180376841633586,0.006192986049324804,0.001042446086027418,3,4,3,3,3,3
8,40.0,40.0,320.0,1.0,10000.0,10000.0,300,4,11.29,0.15213961943798893,0.03180376841633586,0.006192986049324804,0.001042446086027418,4,4,4,4,4,4
8,40.0,40.0,320.0,1.0,10000.0,10000.0,1000,5,13.54,0.15213961943798893,0.03180376841633586,0.006192986049324804,0.001042446086027418,5,4,4,5,4,4
8,10.0,10.0,80.0,10.0,100.0,10.0,30,3,1.75,0.19794568149617628,0.03357719916018058,0.004127666027479077,0.0003712745642413693,2,2,3,3,3,3
8,10.0,10.0,80.0,10.0,100.0,10.0,100,3,2.31,0.19794568149617628,0.03357719916018058,0.004127666027479077,0.0003712745642413693,3,3,3,3,3,3
8,10.0,10.0,80.0,10.0,100.0,10.0,300,4,2.82,0.19794568149617628,0.03357719916018058,0.004127666027479077,0.0003712745642413693,3,3,4,4,4,4
8,10.0,10.0,80.0,10.0,100.0,10.0,1000,4,3.38,0.19794568149617628,0.03357719916018058,0.004127666027479077,0.0003712745642413693,4,4,4,4,4,4
8,10.0,10.0,80.0,10.0,1000.0,100.0,30,2,3.5,0.16382869526051955,0.0290406152100129,0.003890047159428004,0.0003842245612158888,2,3,3,2,2,3
8,10.0,10.0,80.0,10.0,1000.0,100.0,100,3,4.62,0.16382869526051955,0.0290406152100129,0.003890047159428004,0.0003842245612158888,3,3,3,3,3,3
8,10.0,10.0,80.0,10.0,1000.0,100.0,300,4,5.65,0.16382869526051955,0.0290406152100129,0.003890047159428004,0.0003842245612158888,3,4,4,3,4,4
8,10.0,10.0,80.0,10.0,1000.0,100.0,1000,4,6.77,0.16382869526051955,0.0290406152100129,0.003890047159428004,0.0003842245612158888,4,4,4,4,4,4
8,10.0,10.0,80.0,5.0,2000.0,400.0,30,2,4.55,0.15565603554174623,0.032073513967265654,0.005899462719033022,0.0008856459099748902,3,3,3,3,3,3
8,10.0,10.0,80.0,5.0,2000.0,400.0,100,3,6.01,0.15565603554174623,0.032073513967265654,0.005899462719033022,0.0008856459099748902,3,3,3,3,3,3
8,10.0,10.0,80.0,5.0,2000.0,400.0,300,4,7.35,0.15565603554174623,0.032073513967265654,0.005899462719033022,0.0008856459099748902,4,4,4,4,4,4
8,10.0,10.0,80.0,5.0,2000.0,400.0,1000,4,8.81,0.15565603554174623,0.032073513967265654,0.005899462719033022,0.0008856459099748902,4,4,5,4,4,5
8,10.0,10.0,80.0,1.0,10000.0,10000.0,30,2,6.99,0.13315063080443842,0.027509161740900095,0.00533767684801127,0.0008972641793700183,3,3,3,3,3,3
8,10.0,10.0,80.0,1.0,10000.0,10000.0,100,3,9.24,0.13315063080443842,0.027509161740900095,0.00533767684801127,0.0008972641793700183,3,3,3,3,3,3
8,10.0,10.0,80.0,1.0,10000.0,10000.0,300,4,11.29,0.13315063080443842,0.027509161740900095,0.00533767684801127,0.0008972641793700183,4,4,4,4,4,4
8,10.0,10.0,80.0,1.0,10000.0,10000.0,1000,4,13.54,0.13315063080443842,0.027509161740900095,0.00533767684801127,0.0008972641793700183,4,4,5,4,4,5
16,20.0,20.0,320.0,10.0,100.0,10.0,30,3,1.75,0.2048734452369638,0.048042783763061835,0.011111231565335066,0.002393077940889577,2,2,3,4,4,3
16,20.0,20.0,320.0,10.0,100.0,10.0,100,4,2.31,0.2048734452369638,0.048042783763061835,0.011111231565335066,0.002393077940889577,3,3,4,6,6,4
16,20.0,20.0,320.0,10.0,100.0,10.0,300,4,2.82,0.2048734452369638,0.048042783763061835,0.011111231565335066,0.002393077940889577,4,3,4,7,7,4
16,20.0,20.0,320.0,10.0,100.0,10.0,1000,5,3.38,0.2048734452369638,0.048042783763061835,0.011111231565335066,0.002393077940889577,5,5,5,8,8,5
16,20.0,20.0,320.0,10.0,1000.0,100.0,30,3,3.5,0.22810231863307232,0.06162041280006711,0.016038257790445768,0.003806610024207156,3,2,3,3,2,3
16,20.0,20.0,320.0,10.0,1000.0,100.0,100,4,4.62,0.22810231863307232,0.06162041280006711,0.016038257790445768,0.003806610024207156,3,2,4,3,2,4
16,20.0,20.0,320.0,10.0,1000.0,100.0,300,5,5.65,0.22810231863307232,0.06162041280006711,0.016038257790445768,0.003806610024207156,5,5,5,5,5,5
16,20.0,20.0,320.0,10.0,1000.0,100.0,1000,5,6.77,0.22810231863307232,0.06162041280006711,0.016038257790445768,0.003806610024207156,6,5,5,6,5,5
16,20.0,20.0,320.0,5.0,2000.0,400.0,30,3,4.55,0.2087579651942703,0.05591305069371948,0.014904873818424343,0.0037464887306801983,3,2,3,3,2,3
16,20.0,20.0,320.0,5.0,2000.0,400.0,100,4,6.01,0.2087579651942703,0.05591305069371948,0.014904873818424343,0.0037464887306801983,4,4,4,4,4,4
16,20.0,20.0,320.0,5.0,2000.0,400.0,300,5,7.35,0.2087579651942703,0.05591305069371948,0.014904873818424343,0.0037464887306801983,5,5,5,5,5,5
16,20.0,20.0,320.0,5.0,2000.0,400.0,1000,5,8.81,0.2087579651942703,0.05591305069371948,0.014904873818424343,0.0037464887306801983,6,5,5,6,5,6
16,20.0,20.0,320.0,1.0,10000.0,10000.0,30,3,6.99,0.17174065077955547,0.0448603642122703,0.01188061055374248,0.0029837068176858904,3,3,3,3,3,3
16,20.0,20.0,320.0,1.0,10000.0,10000.0,100,4,9.24,0.17174065077955547,0.0448603642122703,0.01188061055374248,0.0029837068176858904,4,4,4,4,4,4
16,20.0,20.0,320.0,1.0,10000.0,10000.0,300,4,11.29,0.17174065077955547,0.0448603642122703,0.01188061055374248,0.0029837068176858904,4,5,4,5,5,5
16,20.0,20.0,320.0,1.0,10000.0,10000.0,1000,5,13.54,0.17174065077955547,0.0448603642122703,0.01188061055374248,0.0029837068176858904,5,5,5,6,6,5
16,10.0,10.0,160.0,10.0,100.0,10.0,30,3,1.75,0.22916533325065616,0.05401914393524468,0.010913777247470927,0.0018442261268373555,2,3,3,4,3,3
16,10.0,10.0,160.0,10.0,100.0,10.0,100,4,2.31,0.22916533325065616,0.05401914393524468,0.010913777247470927,0.0018442261268373555,3,3,4,5,5,4
16,10.0,10.0,160.0,10.0,100.0,10.0,300,4,2.82,0.22916533325065616,0.05401914393524468,0.010913777247470927,0.0018442261268373555,4,3,4,5,5,4
16,10.0,10.0,160.0,10.0,100.0,10.0,1000,5,3.38,0.22916533325065616,0.05401914393524468,0.010913777247470927,0.0018442261268373555,5,5,5,6,6,5
16,10.0,10.0,160.0,10.0,1000.0,100.0,30,3,3.5,0.20630993915176363,0.05091454214769098,0.011077338139425958,0.0020312546091222393,3,3,3,3,3,3
16,10.0,10.0,160.0,10.0,1000.0,100.0,100,4,4.62,0.20630993915176363,0.05091454214769098,0.011077338139425958,0.0020312546091222393,3,3,4,3,3,4
16,10.0,10.0,160.0,10.0,1000.0,100.0,300,4,5.65,0.20630993915176363,0.05091454214769098,0.011077338139425958,0.0020312546091222393,4,4,4,4,4,5
16,10.0,10.0,160.0,10.0,1000.0,100.0,1000,5,6.77,0.20630993915176363,0.05091454214769098,0.011077338139425958,0.0020312546091222393,5,5,5,5,5,5
16,10.0,10.0,160.0,5.0,2000.0,400.0,30,3,4.55,0.1909691511037362,0.05018786503299517,0.013020705232842761,0.003103329345769677,3,3,3,3,3,3
16,10.0,10.0,160.0,5.0,2000.0,400.0,100,4,6.01,0.1909691511037362,0.05018786503299517,0.013020705232842761,0.003103329345769677,3,3,4,3,3,4
16,10.0,10.0,160.0,5.0,2000.0,400.0,300,4,7.35,0.1909691511037362,0.05018786503299517,0.013020705232842761,0.003103329345769677,4,3,5,4,3,5
16,10.0,10.0,160.0,5.0,2000.0,400.0,1000,5,8.81,0.1909691511037362,0.05018786503299517,0.013020705232842761,0.003103329345769677,5,6,6,5,6,6
16,10.0,10.0,160.0,1.0,10000.0,10000.0,30,3,6.99,0.1599535336934721,0.041493230398185796,0.010964369038400389,0.0027509482958023718,3,3,3,2,3,3
16,10.0,10.0,160.0,1.0,10000.0,10000.0,100,4,9.24,0.1599535336934721,0.041493230398185796,0.010964369038400389,0.0027509482958023718,3,3,4,3,3,4
16,10.0,10.0,160.0,1.0,10000.0,10000.0,300,4,11.29,0.1599535336934721,0.041493230398185796,0.010964369038400389,0.0027509482958023718,4,4,5,4,3,5
16,10.0,10.0,160.0,1.0,10000.0,10000.0,1000,5,13.54,0.1599535336934721,0.041493230398185796,0.010964369038400389,0.0027509482958023718,6,6,6,6,3,6
32,10.0,10.0,320.0,10.0,100.0,10.0,30,3,1.75,0.2355565311889323,0.06162320933841295,0.01567569517396578,0.003761446893572126,2,3,3,5,5,3
32,10.0,10.0,320.0,10.0,100.0,10.0,100,4,2.31,0.2355565311889323,0.06162320933841295,0.01567569517396578,0.003761446893572126,3,3,4,7,7,4
32,10.0,10.0,320.0,10.0,100.0,10.0,300,5,2.82,0.2355565311889323,0.06162320933841295,0.01567569517396578,0.003761446893572126,4,3,5,8,8,5
32,10.0,10.0,320.0,10.0,100.0,10.0,1000,5,3.38,0.2355565311889323,0.06162320933841295,0.01567569517396578,0.003761446893572126,5,3,6,9,9,6
32,10.0,10.0,320.0,10.0,1000.0,100.0,30,3,3.5,0.2466570485038729,0.07485594626868043,0.021809981423003662,0.005774053700610845,3,2,4,3,2,4
32,10.0,10.0,320.0,10.0,1000.0,100.0,100,4,4.62,0.2466570485038729,0.07485594626868043,0.021809981423003662,0.005774053700610845,5,5,4,4,5,5
32,10.0,10.0,320.0,10.0,1000.0,100.0,300,5,5.65,0.2466570485038729,0.07485594626868043,0.021809981423003662,0.005774053700610845,5,5,5,4,5,5
32,10.0,10.0,320.0,10.0,1000.0,100.0,1000,6,6.77,0.2466570485038729,0.07485594626868043,0.021809981423003662,0.005774053700610845,6,6,6,5,5,6
32,10.0,10.0,320.0,5.0,2000.0,400.0,30,3,4.55,0.22549294067619083,0.06959097615989333,0.022239057696213583,0.006878639371713643,2,2,4,3,2,4
32,10.0,10.0,320.0,5.0,2000.0,400.0,100,4,6.01,0.22549294067619083,0.06959097615989333,0.022239057696213583,0.006878639371713643,5,2,5,3,2,5
32,10.0,10.0,320.0,5.0,2000.0,400.0,300,5,7.35,0.22549294067619083,0.06959097615989333,0.022239057696213583,0.006878639371713643,5,2,5,5,2,6
32,10.0,10.0,320.0,5.0,2000.0,400.0,1000,6,8.81,0.22549294067619083,0.06959097615989333,0.022239057696213583,0.006878639371713643,6,2,6,7,7,6
32,10.0,10.0,320.0,1.0,10000.0,10000.0,30,3,6.99,0.18460454455136951,0.055546212962529325,0.01778335100297256,0.005623966877468557,4,4,3,3,4,3
32,10.0,10.0,320.0,1.0,10000.0,10000.0,100,4,9.24,0.18460454455136951,0.055546212962529325,0.01778335100297256,0.005623966877468557,5,5,4,4,5,4
32,10.0,10.0,320.0,1.0,10000.0,10000.0,300,5,11.29,0.18460454455136951,0.055546212962529325,0.01778335100297256,0.005623966877468557,5,6,5,5,5,5
32,10.0,10.0,320.0,1.0,10000.0,10000.0,1000,6,13.54,0.18460454455136951,0.055546212962529325,0.01778335100297256,0.005623966877468557,7,6,6,7,7,6
32,5.0,5.0,160.0,10.0,100.0,10.0,30,3,1.75,0.24537738841619747,0.06038610692027151,0.012733918252206083,0.00227313942862602,3,3,3,4,4,3
32,5.0,5.0,160.0,10.0,100.0,10.0,100,4,2.31,0.24537738841619747,0.06038610692027151,0.012733918252206083,0.00227313942862602,3,3,4,5,5,4
32,5.0,5.0,160.0,10.0,100.0,10.0,300,4,2.82,0.24537738841619747,0.06038610692027151,0.012733918252206083,0.00227313942862602,4,4,5,6,6,5
32,5.0,5.0,160.0,10.0,100.0,10.0,1000,5,3.38,0.24537738841619747,0.06038610692027151,0.012733918252206083,0.00227313942862602,5,5,5,7,7,5
32,5.0,5.0,160.0,10.0,1000.0,100.0,30,3,3.5,0.2195450202833479,0.05772208249727174,0.013131832942861334,0.00253287705639079,3,3,3,3,3,3
32,5.0,5.0,160.0,10.0,1000.0,100.0,100,4,4.62,0.2195450202833479,0.05772208249727174,0.013131832942861334,0.00253287705639079,4,3,4,4,3,4
32,5.0,5.0,160.0,10.0,1000.0,100.0,300,4,5.65,0.2195450202833479,0.05772208249727174,0.013131832942861334,0.00253287705639079,4,4,5,5,5,5
32,5.0,5.0,160.0,10.0,1000.0,100.0,1000,5,6.77,0.2195450202833479,0.05772208249727174,0.013131832942861334,0.00253287705639079,5,6,6,5,6,6
32,5.0,5.0,160.0,5.0,2000.0,400.0,30,3,4.55,0.2051471351559364,0.06061588005814088,0.017656399689077396,0.004698831615046081,3,3,4,3,3,4
32,5.0,5.0,160.0,5.0,2000.0,400.0,100,4,6.01,0.2051471351559364,0.06061588005814088,0.017656399689077396,0.004698831615046081,4,3,5,4,4,5
32,5.0,5.0,160.0,5.0,2000.0,400.0,300,5,7.35,0.2051471351559364,0.06061588005814088,0.017656399689077396,0.004698831615046081,4,4,5,5,4,5
32,5.0,5.0,160.0,5.0,2000.0,400.0,1000,6,8.81,0.2051471351559364,0.06061588005814088,0.017656399689077396,0.004698831615046081,6,6,6,6,6,6
32,5.0,5.0,160.0,1.0,10000.0,10000.0,30,3,6.99,0.17177714774000394,0.051309456429849534,0.016386700597247023,0.005176269595709538,3,3,4,3,3,4
32,5.0,5.0,160.0,1.0,10000.0,10000.0,100,4,9.24,0.17177714774000394,0.051309456429849534,0.016386700597247023,0.005176269595709538,3,3,5,4,3,5
32,5.0,5.0,160.0,1.0,10000.0,10000.0,300,5,11.29,0.17177714774000394,0.051309456429849534,0.016386700597247023,0.005176269595709538,4,3,6,5,6,6
32,5.0,5.0,160.0,1.0,10000.0,10000.0,1000,6,13.54,0.17177714774000394,0.051309456429849534,0.016386700597247023,0.005176269595709538,7,3,7,7,7,7
64,10.0,10.0,640.0,10.0,100.0,10.0,30,3,1.75,0.23573723033900665,0.062010263684520193,0.016173649975981544,0.004175332043118633,2,3,3,7,7,3
64,10.0,10.0,640.0,10.0,100.0,10.0,100,4,2.31,0.23573723033900665,0.062010263684520193,0.016173649975981544,0.004175332043118633,3,3,4,10,10,4
64,10.0,10.0,640.0,10.0,100.0,10.0,300,5,2.82,0.23573723033900665,0.062010263684520193,0.016173649975981544,0.004175332043118633,4,3,5,11,11,5
64,10.0,10.0,640.0,10.0,100.0,10.0,1000,6,3.38,0.23573723033900665,0.062010263684520193,0.016173649975981544,0.004175332043118633,6,6,6,12,12,6
64,10.0,10.0,640.0,10.0,1000.0,100.0,30,4,3.5,0.2833772554955718,0.09933208563539676,0.03493152985895601,0.011653758190720839,4,4,4,3,4,4
64,10.0,10.0,640.0,10.0,1000.0,100.0,100,5,4.62,0.2833772554955718,0.09933208563539676,0.03493152985895601,0.011653758190720839,5,5,5,5,4,5
64,10.0,10.0,640.0,10.0,1000.0,100.0,300,6,5.65,0.2833772554955718,0.09933208563539676,0.03493152985895601,0.011653758190720839,6,7,6,6,6,6
64,10.0,10.0,640.0,10.0,1000.0,100.0,1000,7,6.77,0.2833772554955718,0.09933208563539676,0.03493152985895601,0.011653758190720839,6,7,7,7,7,7
64,10.0,10.0,640.0,5.0,2000.0,400.0,30,3,4.55,0.26044280441369233,0.09044272189963581,0.03330245292047256,0.012203675458615013,4,4,4,3,4,4
64,10.0,10.0,640.0,5.0,2000.0,400.0,100,5,6.01,0.26044280441369233,0.09044272189963581,0.03330245292047256,0.012203675458615013,5,5,5,4,4,5
64,10.0,10.0,640.0,5.0,2000.0,400.0,300,6,7.35,0.26044280441369233,0.09044272189963581,0.03330245292047256,0.012203675458615013,7,7,6,7,4,6
64,10.0,10.0,640.0,5.0,2000.0,400.0,1000,7,8.81,0.26044280441369233,0.09044272189963581,0.03330245292047256,0.012203675458615013,8,7,7,8,4,7
64,10.0,10.0,640.0,1.0,10000.0,10000.0,30,3,6.99,0.2089079678994225,0.06965471918582283,0.025424017257762832,0.009386074138244802,4,4,4,4,4,4
64,10.0,10.0,640.0,1.0,10000.0,10000.0,100,4,9.24,0.2089079678994225,0.06965471918582283,0.025424017257762832,0.009386074138244802,5,4,5,5,4,5
64,10.0,10.0,640.0,1.0,10000.0,10000.0,300,6,11.29,0.2089079678994225,0.06965471918582283,0.025424017257762832,0.009386074138244802,7,4,6,7,7,6
64,10.0,10.0,640.0,1.0,10000.0,10000.0,1000,7,13.54,0.2089079678994225,0.06965471918582283,0.025424017257762832,0.009386074138244802,8,7,7,8,8,7
64,5.0,5.0,320.0,10.0,100.0,10.0,30,3,1.75,0.2512435928530433,0.06788278740347525,0.017689398278097488,0.004370336899312962,3,3,4,6,6,4
64,5.0,5.0,320.0,10.0,100.0,10.0,100,4,2.31,0.2512435928530433,0.06788278740347525,0.017689398278097488,0.004370336899312962,4,3,5,7,7,5
64,5.0,5.0,320.0,10.0,100.0,10.0,300,5,2.82,0.2512435928530433,0.06788278740347525,0.017689398278097488,0.004370336899312962,4,3,5,8,8,5
64,5.0,5.0,320.0,10.0,100.0,10.0,1000,6,3.38,0.2512435928530433,0.06788278740347525,0.017689398278097488,0.004370336899312962,6,6,6,9,9,6
64,5.0,5.0,320.0,10.0,1000.0,100.0,30,3,3.5,0.2574034724145466,0.08234862471855611,0.024842286846408254,0.006770237610494405,4,4,4,3,3,4
64,5.0,5.0,320.0,10.0,1000.0,100.0,100,4,4.62,0.2574034724145466,0.08234862471855611,0.024842286846408254,0.006770237610494405,5,5,5,4,5,5
64,5.0,5.0,320.0,10.0,1000.0,100.0,300,5,5.65,0.2574034724145466,0.08234862471855611,0.024842286846408254,0.006770237610494405,6,6,6,6,5,6
64,5.0,5.0,320.0,10.0,1000.0,100.0,1000,6,6.77,0.2574034724145466,0.08234862471855611,0.024842286846408254,0.006770237610494405,6,6,6,6,7,6
64,5.0,5.0,320.0,5.0,2000.0,400.0,30,3,4.55,0.23583023866426475,0.07913247370491407,0.027654207357689326,0.009266188072532405,4,4,4,4,4,4
64,5.0,5.0,320.0,5.0,2000.0,400.0,100,4,6.01,0.23583023866426475,0.07913247370491407,0.027654207357689326,0.009266188072532405,5,6,5,5,5,5
64,5.0,5.0,320.0,5.0,2000.0,400.0,300,5,7.35,0.23583023866426475,0.07913247370491407,0.027654207357689326,0.009266188072532405,6,6,6,6,6,6
64,5.0,5.0,320.0,5.0,2000.0,400.0,1000,6,8.81,0.23583023866426475,0.07913247370491407,0.027654207357689326,0.009266188072532405,7,7,7,7,8,7
64,5.0,5.0,320.0,1.0,10000.0,10000.0,30,3,6.99,0.19254473811318643,0.06353735962187008,0.02311128380523705,0.008519057100865639,5,2,4,3,2,4
64,5.0,5.0,320.0,1.0,10000.0,10000.0,100,4,9.24,0.19254473811318643,0.06353735962187008,0.02311128380523705,0.008519057100865639,6,6,5,5,5,5
64,5.0,5.0,320.0,1.0,10000.0,10000.0,300,5,11.29,0.19254473811318643,0.06353735962187008,0.02311128380523705,0.008519057100865639,6,6,6,6,6,6
64,5.0,5.0,320.0,1.0,10000.0,10000.0,1000,7,13.54,0.19254473811318643,0.06353735962187008,0.02311128380523705,0.008519057100865639,8,7,7,8,6,7
32,20.0,20.0,640.0,10.0,100.0,10.0,30,3,1.75,0.20511019558714388,0.04851126824127559,0.011650790238371534,0.0027863797193571935,2,2,3,6,6,3
32,20.0,20.0,640.0,10.0,100.0,10.0,100,4,2.31,0.20511019558714388,0.04851126824127559,0.011650790238371534,0.0027863797193571935,3,3,4,8,8,4
32,20.0,20.0,640.0,10.0,100.0,10.0,300,4,2.82,0.20511019558714388,0.04851126824127559,0.011650790238371534,0.0027863797193571935,4,4,4,10,10,4
32,20.0,20.0,640.0,10.0,100.0,10.0,1000,5,3.38,0.20511019558714388,0.04851126824127559,0.011650790238371534,0.0027863797193571935,5,5,5,11,11,5
32,20.0,20.0,640.0,10.0,1000.0,100.0,30,3,3.5,0.2683922580780752,0.08637398802299133,0.02786548814053639,0.008602868466821132,3,4,3,3,3,3
32,20.0,20.0,640.0,10.0,1000.0,100.0,100,4,4.62,0.2683922580780752,0.08637398802299133,0.02786548814053639,0.008602868466821132,4,4,4,4,4,5
32,20.0,20.0,640.0,10.0,1000.0,100.0,300,5,5.65,0.2683922580780752,0.08637398802299133,0.02786548814053639,0.008602868466821132,5,6,5,5,6,5
32,20.0,20.0,640.0,10.0,1000.0,100.0,1000,6,6.77,0.2683922580780752,0.08637398802299133,0.02786548814053639,0.008602868466821132,7,7,6,6,6,6
32,20.0,20.0,640.0,5.0,2000.0,400.0,30,3,4.55,0.24786423515108635,0.07817596339338316,0.025380797261546083,0.008060831036708179,3,4,3,3,3,3
32,20.0,20.0,640.0,5.0,2000.0,400.0,100,4,6.01,0.24786423515108635,0.07817596339338316,0.025380797261546083,0.008060831036708179,4,4,4,5,4,4
32,20.0,20.0,640.0,5.0,2000.0,400.0,300,5,7.35,0.24786423515108635,0.07817596339338316,0.025380797261546083,0.008060831036708179,5,4,5,5,6,5
32,20.0,20.0,640.0,5.0,2000.0,400.0,1000,6,8.81,0.24786423515108635,0.07817596339338316,0.025380797261546083,0.008060831036708179,7,4,6,5,6,6
32,20.0,20.0,640.0,1.0,10000.0,10000.0,30,3,6.99,0.20007203190438022,0.06078408018107203,0.019520894018308636,0.006181618760372844,4,4,3,4,3,3
32,20.0,20.0,640.0,1.0,10000.0,10000.0,100,4,9.24,0.20007203190438022,0.06078408018107203,0.019520894018308636,0.006181618760372844,5,4,4,5,5,4
32,20.0,20.0,640.0,1.0,10000.0,10000.0,300,5,11.29,0.20007203190438022,0.06078408018107203,0.019520894018308636,0.006181618760372844,6,6,5,6,6,5
32,20.0,20.0,640.0,1.0,10000.0,10000.0,1000,6,13.54,0.20007203190438022,0.06078408018107203,0.019520894018308636,0.006181618760372844,7,7,6,7,6,6
